word,answer,text_en,text_zh,text_zh_tw,text_ja
house,house,They bought a new {{}} near the beach.,他们在海滩附近买了一栋新房子。,他們在海灘附近買了一棟新房子。,彼らは海の近くに新しい家を買った。
keep,keep,Please {{}} your phone in your bag during class.,上课时请把手机放在包里。,上課時請把手機放在包裡。,授業中は携帯をかばんに入れておいてください。
water,water,Remember to drink enough {{}} every day.,记得每天喝足够的水。,記得每天喝足夠的水。,毎日十分な水を飲むのを忘れないで。
light,light,Could you turn on the {{}}? It is too dark here.,可以开一下灯吗？这里太暗了。,可以開一下燈嗎？這裡太暗了。,電気をつけてくれますか。ここは暗すぎます。
music,music,She listens to {{}} while she studies.,她读书时会听音乐。,她讀書時會聽音樂。,彼女は勉強しながら音楽を聴く。
happy,happy,The children were very {{}} to see the snow.,孩子们看到雪非常开心。,孩子們看到雪非常開心。,子供たちは雪を見てとても喜んだ。
money,money,He saved enough {{}} to buy a bicycle.,他存够了买自行车的钱。,他存夠了買腳踏車的錢。,彼は自転車を買うのに十分なお金を貯めた。
friend,friend,My best {{}} lives in another city now.,我最好的朋友现在住在另一个城市。,我最好的朋友現在住在另一個城市。,親友は今別の街に住んでいる。
school,school,The {{}} is closed during the summer holiday.,暑假期间学校不开放。,暑假期間學校不開放。,夏休みの間、学校は閉まっている。
teacher,teacher,Our English {{}} always tells funny stories.,我们的英文老师总是讲有趣的故事。,我們的英文老師總是講有趣的故事。,私たちの英語の先生はいつも面白い話をする。
student,student,Every {{}} must finish the homework by Friday.,每个学生都必须在周五前完成作业。,每個學生都必須在週五前完成作業。,すべての生徒は金曜までに宿題を終えなければならない。
morning,morning,I go for a run every {{}} before work.,我每天上班前都去跑步。,我每天上班前都去跑步。,私は毎朝仕事の前に走りに行く。
night,night,The stars are bright on a clear {{}}.,晴朗的夜晚星星很明亮。,晴朗的夜晚星星很明亮。,晴れた夜は星が明るい。
summer,summer,We often go swimming in the {{}}.,我们夏天常去游泳。,我們夏天常去游泳。,私たちは夏によく泳ぎに行く。
winter,winter,It snows a lot here in {{}}.,这里冬天经常下雪。,這裡冬天經常下雪。,ここは冬によく雪が降る。
river,river,A long {{}} flows through the middle of the town.,一条长长的河流穿过城镇中央。,一條長長的河流穿過城鎮中央。,長い川が町の中心を流れている。
mountain,mountain,They climbed the tall {{}} last weekend.,他们上周末爬了那座高山。,他們上週末爬了那座高山。,彼らは先週末その高い山に登った。
animal,animal,The lion is a wild {{}} from Africa.,狮子是来自非洲的野生动物。,獅子是來自非洲的野生動物。,ライオンはアフリカの野生動物だ。
doctor,doctor,You should see a {{}} if the pain continues.,如果一直疼你应该去看医生。,如果一直痛你應該去看醫生。,痛みが続くなら医者に診てもらうべきだ。
family,family,My whole {{}} gathers for dinner on Sundays.,我全家周日会聚在一起吃晚饭。,我全家週日會聚在一起吃晚飯。,私の家族は日曜に集まって夕食をとる。
garden,garden,She grows tomatoes in her small {{}}.,她在自己的小花园里种番茄。,她在自己的小花園裡種番茄。,彼女は小さな庭でトマトを育てている。
window,window,Please open the {{}} to let in fresh air.,请打开窗户让新鲜空气进来。,請打開窗戶讓新鮮空氣進來。,新鮮な空気を入れるために窓を開けてください。
travel,travel,They love to {{}} to new countries every year.,他们喜欢每年去新的国家旅行。,他們喜歡每年去新的國家旅行。,彼らは毎年新しい国へ旅行するのが好きだ。
dream,dream,It was always his {{}} to become a pilot.,成为飞行员一直是他的梦想。,成為飛行員一直是他的夢想。,パイロットになるのはずっと彼の夢だった。
color,color,Blue is her favorite {{}}.,蓝色是她最喜欢的颜色。,藍色是她最喜歡的顏色。,青は彼女の一番好きな色だ。
plant,plant,Don't forget to water the {{}} on the desk.,别忘了给桌上的植物浇水。,別忘了給桌上的植物澆水。,机の上の植物に水をやるのを忘れないで。
coffee,coffee,He drinks a cup of {{}} every morning.,他每天早上喝一杯咖啡。,他每天早上喝一杯咖啡。,彼は毎朝コーヒーを一杯飲む。
bridge,bridge,The old stone {{}} crosses the wide river.,那座古老的石桥横跨宽阔的河流。,那座古老的石橋橫跨寬闊的河流。,その古い石の橋は広い川を渡っている。
market,market,We buy fresh fruit at the {{}} on Saturdays.,我们周六在市场买新鲜水果。,我們週六在市場買新鮮水果。,私たちは土曜に市場で新鮮な果物を買う。
letter,letter,She wrote a long {{}} to her grandmother.,她给奶奶写了一封长信。,她給奶奶寫了一封長信。,彼女は祖母に長い手紙を書いた。
island,island,They spent a week on a quiet tropical {{}}.,他们在一个安静的热带岛屿上待了一周。,他們在一個安靜的熱帶島嶼上待了一週。,彼らは静かな南の島で一週間過ごした。
forest,forest,Many birds live in the deep green {{}}.,许多鸟儿住在深绿色的森林里。,許多鳥兒住在深綠色的森林裡。,多くの鳥が深い緑の森に住んでいる。
bottle,bottle,Please pass me that {{}} of water.,请把那瓶水递给我。,請把那瓶水遞給我。,その水のボトルを取ってください。
picture,picture,He painted a beautiful {{}} of the sunset.,他画了一幅美丽的日落画。,他畫了一幅美麗的日落畫。,彼は夕日の美しい絵を描いた。
weather,weather,The {{}} is warm and sunny today.,今天天气温暖晴朗。,今天天氣溫暖晴朗。,今日は天気が暖かく晴れている。
airport,airport,We arrived at the {{}} two hours before the flight.,我们在航班起飞前两小时到达机场。,我們在航班起飛前兩小時到達機場。,私たちは出発の二時間前に空港に着いた。
angry,angry,He was very {{}} when he missed the train.,他错过火车时非常生气。,他錯過火車時非常生氣。,彼は電車に乗り遅れてとても怒っていた。
apple,apple,She ate a red {{}} for breakfast.,她早餐吃了一个红苹果。,她早餐吃了一個紅蘋果。,彼女は朝食に赤いりんごを食べた。
arm,arm,He broke his {{}} while playing football.,他踢足球时弄断了手臂。,他踢足球時弄斷了手臂。,彼はサッカーをしていて腕を折った。
artist,artist,The young {{}} painted a picture of the sea.,那位年轻的艺术家画了一幅海的画。,那位年輕的藝術家畫了一幅海的畫。,その若い芸術家は海の絵を描いた。
baby,baby,The {{}} is sleeping in the next room.,宝宝正在隔壁房间睡觉。,寶寶正在隔壁房間睡覺。,赤ちゃんは隣の部屋で眠っている。
back,back,He hurt his {{}} when he lifted the box.,他搬箱子时伤到了背。,他搬箱子時傷到了背。,彼は箱を持ち上げて背中を痛めた。
bag,bag,She put the books into her {{}}.,她把书放进包里。,她把書放進包裡。,彼女は本をかばんに入れた。
ball,ball,The children kicked the {{}} across the field.,孩子们把球踢过操场。,孩子們把球踢過操場。,子供たちはボールを野原の向こうへ蹴った。
banana,banana,A monkey is eating a yellow {{}}.,一只猴子正在吃黄香蕉。,一隻猴子正在吃黃香蕉。,猿が黄色いバナナを食べている。
bank,bank,I went to the {{}} to save some money.,我去银行存了一些钱。,我去銀行存了一些錢。,私はお金を預けに銀行へ行った。
basket,basket,She carried the fruit in a small {{}}.,她用一个小篮子装水果。,她用一個小籃子裝水果。,彼女は小さなかごに果物を入れて運んだ。
bathroom,bathroom,He is washing his hands in the {{}}.,他正在浴室里洗手。,他正在浴室裡洗手。,彼は浴室で手を洗っている。
beach,beach,We built a sandcastle on the {{}}.,我们在海滩上堆了一座沙堡。,我們在海灘上堆了一座沙堡。,私たちは砂浜で砂の城を作った。
bear,bear,A big brown {{}} lives in the forest.,一只棕色的大熊住在森林里。,一隻棕色的大熊住在森林裡。,大きな茶色い熊が森に住んでいる。
bed,bed,She was too tired and went to {{}} early.,她太累了就早早上床睡觉。,她太累了就早早上床睡覺。,彼女は疲れて早くベッドに入った。
bedroom,bedroom,My {{}} has a big window facing the garden.,我的卧室有一扇朝花园的大窗。,我的臥室有一扇朝花園的大窗。,私の寝室には庭に面した大きな窓がある。
beer,beer,He drank a cold {{}} after work.,他下班后喝了一杯冰啤酒。,他下班後喝了一杯冰啤酒。,彼は仕事のあと冷たいビールを飲んだ。
belt,belt,He wears a black leather {{}} every day.,他每天都系一条黑色皮带。,他每天都繫一條黑色皮帶。,彼は毎日黒い革のベルトをしている。
big,big,They live in a {{}} house near the park.,他们住在公园附近一栋大房子里。,他們住在公園附近一棟大房子裡。,彼らは公園の近くの大きな家に住んでいる。
bike,bike,He rides his {{}} to school every morning.,他每天早上骑自行车上学。,他每天早上騎腳踏車上學。,彼は毎朝自転車で学校へ行く。
bird,bird,A small {{}} is singing on the tree.,一只小鸟在树上唱歌。,一隻小鳥在樹上唱歌。,小さな鳥が木の上で鳴いている。
black,black,She wore a long {{}} dress to the party.,她穿了一条黑色长裙去参加派对。,她穿了一條黑色長裙去參加派對。,彼女は黒い長いドレスでパーティーに行った。
blue,blue,The sky is clear and {{}} today.,今天天空晴朗湛蓝。,今天天空晴朗湛藍。,今日は空が晴れて青い。
boat,boat,They crossed the river in a small {{}}.,他们乘一艘小船过河。,他們乘一艘小船過河。,彼らは小さな船で川を渡った。
book,book,She is reading an interesting {{}} about animals.,她正在读一本有趣的动物书。,她正在讀一本有趣的動物書。,彼女は動物についての面白い本を読んでいる。
bowl,bowl,He ate a {{}} of hot soup for lunch.,他午餐吃了一碗热汤。,他午餐吃了一碗熱湯。,彼は昼食に温かいスープを一杯食べた。
box,box,Please put the toys back in the {{}}.,请把玩具放回盒子里。,請把玩具放回盒子裡。,おもちゃを箱に戻してください。
branch,branch,A bird built its nest on a high {{}}.,一只鸟在高高的树枝上筑巢。,一隻鳥在高高的樹枝上築巢。,鳥が高い枝に巣を作った。
bread,bread,She bought a loaf of fresh {{}} this morning.,她今天早上买了一条新鲜面包。,她今天早上買了一條新鮮麵包。,彼女は今朝焼きたてのパンを一斤買った。
break,break,Be careful not to {{}} the glass.,小心别打破玻璃杯。,小心別打破玻璃杯。,グラスを割らないように気をつけて。
bright,bright,The morning sun is very {{}} today.,今天早晨的阳光很明亮。,今天早晨的陽光很明亮。,今朝の日ざしはとても明るい。
brother,brother,My younger {{}} plays the guitar well.,我弟弟吉他弹得很好。,我弟弟吉他彈得很好。,私の弟はギターが上手だ。
brown,brown,The dog has soft {{}} fur.,那只狗有柔软的棕色毛。,那隻狗有柔軟的棕色毛。,その犬は柔らかい茶色の毛をしている。
build,build,They want to {{}} a new bridge over the river.,他们想在河上建一座新桥。,他們想在河上建一座新橋。,彼らは川に新しい橋を建てたい。
bus,bus,I take the {{}} to work every day.,我每天坐公车上班。,我每天坐公車上班。,私は毎日バスで通勤する。
butter,butter,He spread some {{}} on his warm bread.,他在温热的面包上抹了些黄油。,他在溫熱的麵包上抹了些奶油。,彼は温かいパンにバターを塗った。
button,button,She pressed the red {{}} to start the machine.,她按下红色按钮启动机器。,她按下紅色按鈕啟動機器。,彼女は赤いボタンを押して機械を動かした。
cake,cake,We ate a chocolate {{}} at the party.,我们在派对上吃了巧克力蛋糕。,我們在派對上吃了巧克力蛋糕。,私たちはパーティーでチョコレートケーキを食べた。
camera,camera,He took a photo with his new {{}}.,他用新相机拍了一张照片。,他用新相機拍了一張照片。,彼は新しいカメラで写真を撮った。
candy,candy,The child ate too much sweet {{}}.,那孩子吃了太多甜糖果。,那孩子吃了太多甜糖果。,その子は甘いお菓子を食べすぎた。
car,car,They drove their {{}} to the mountains.,他们开车去了山里。,他們開車去了山裡。,彼らは車で山へ行った。
card,card,She sent a birthday {{}} to her friend.,她给朋友寄了一张生日卡片。,她給朋友寄了一張生日卡片。,彼女は友達に誕生日カードを送った。
carry,carry,He helped me {{}} the heavy bags.,他帮我提沉重的袋子。,他幫我提沉重的袋子。,彼は重い袋を運ぶのを手伝ってくれた。
cat,cat,The {{}} is sleeping on the warm chair.,猫在温暖的椅子上睡觉。,貓在溫暖的椅子上睡覺。,猫は暖かい椅子で眠っている。
catch,catch,Try to {{}} the ball with both hands.,试着用双手接住球。,試著用雙手接住球。,両手でボールを取ってみて。
chair,chair,Please sit down on that soft {{}}.,请坐在那张软椅子上。,請坐在那張軟椅子上。,その柔らかい椅子に座ってください。
cheese,cheese,She likes bread with a little {{}}.,她喜欢面包配一点奶酪。,她喜歡麵包配一點起司。,彼女はパンに少しチーズをのせるのが好きだ。
cherry,cherry,He picked a ripe red {{}} from the tree.,他从树上摘了一颗熟透的红樱桃。,他從樹上摘了一顆熟透的紅櫻桃。,彼は木から熟した赤いさくらんぼをとった。
chicken,chicken,We had roast {{}} for dinner tonight.,我们今晚吃了烤鸡当晚餐。,我們今晚吃了烤雞當晚餐。,今夜はローストチキンを夕食に食べた。
child,child,Every {{}} in the class likes the new teacher.,班上每个孩子都喜欢新老师。,班上每個孩子都喜歡新老師。,クラスのどの子も新しい先生が好きだ。
church,church,The old {{}} stands at the top of the hill.,那座古老的教堂矗立在山顶。,那座古老的教堂矗立在山頂。,古い教会が丘の上に立っている。
city,city,Many people live and work in the big {{}}.,很多人在这座大城市生活和工作。,很多人在這座大城市生活和工作。,多くの人が大きな都市で暮らし働いている。
clean,clean,She likes to keep her room {{}} and tidy.,她喜欢把房间保持干净整洁。,她喜歡把房間保持乾淨整潔。,彼女は部屋をきれいに片づけておくのが好きだ。
climb,climb,They plan to {{}} the mountain this weekend.,他们打算这个周末去爬山。,他們打算這個週末去爬山。,彼らは今週末その山に登る予定だ。
clock,clock,The old {{}} on the wall stopped last night.,墙上那个旧钟昨晚停了。,牆上那個舊鐘昨晚停了。,壁の古い時計は昨夜止まった。
close,close,Please {{}} the door quietly when you leave.,离开时请轻轻关门。,離開時請輕輕關門。,出るときは静かにドアを閉めてください。
cloud,cloud,A dark {{}} covered the afternoon sun.,一朵乌云遮住了午后的太阳。,一朵烏雲遮住了午後的太陽。,黒い雲が午後の太陽を覆った。
coat,coat,He put on a warm {{}} before going out.,他出门前穿上一件暖和的外套。,他出門前穿上一件暖和的外套。,彼は出かける前に暖かいコートを着た。
coin,coin,She dropped a small {{}} on the floor.,她把一枚小硬币掉在地上。,她把一枚小硬幣掉在地上。,彼女は小さな硬貨を床に落とした。
cold,cold,The water in the river is very {{}}.,河里的水非常冷。,河裡的水非常冷。,川の水はとても冷たい。
computer,computer,He works on his {{}} all day long.,他整天都在用电脑工作。,他整天都在用電腦工作。,彼は一日中パソコンで仕事をしている。
cook,cook,My mother will {{}} dinner for us tonight.,今晚我妈妈会为我们做晚饭。,今晚我媽媽會為我們做晚飯。,今夜は母が私たちに夕食を作ってくれる。
cookie,cookie,The child wanted one more sweet {{}}.,那孩子还想再吃一块甜饼干。,那孩子還想再吃一塊甜餅乾。,その子はもう一枚甘いクッキーが欲しかった。
cool,cool,The evening breeze feels fresh and {{}}.,傍晚的微风清新凉爽。,傍晚的微風清新涼爽。,夕方のそよ風は爽やかで涼しい。
cow,cow,The {{}} is eating grass in the green field.,那头牛在绿色的田野里吃草。,那頭牛在綠色的田野裡吃草。,牛が緑の野原で草を食べている。
cup,cup,She poured tea into a white {{}}.,她把茶倒进一个白色杯子里。,她把茶倒進一個白色杯子裡。,彼女は白いカップにお茶を注いだ。
cut,cut,Please be careful when you {{}} the bread.,切面包时请小心。,切麵包時請小心。,パンを切るときは気をつけて。
dance,dance,They love to {{}} together at the party.,他们喜欢在派对上一起跳舞。,他們喜歡在派對上一起跳舞。,彼らはパーティーで一緒に踊るのが好きだ。
dark,dark,The room became very {{}} after sunset.,日落后房间变得很暗。,日落後房間變得很暗。,日が沈むと部屋はとても暗くなった。
desert,desert,Very few plants grow in the dry {{}}.,干燥的沙漠里几乎没有植物生长。,乾燥的沙漠裡幾乎沒有植物生長。,乾いた砂漠にはほとんど植物が育たない。
desk,desk,His books are neatly placed on the {{}}.,他的书整齐地放在书桌上。,他的書整齊地放在書桌上。,彼の本は机の上にきちんと置かれている。
dirty,dirty,His shoes were {{}} after the long walk.,走了很远后他的鞋子很脏。,走了很遠後他的鞋子很髒。,長い散歩のあと彼の靴は汚れていた。
dog,dog,The {{}} runs happily in the park.,那只狗在公园里开心地奔跑。,那隻狗在公園裡開心地奔跑。,犬は公園で楽しそうに走っている。
door,door,Someone is knocking on the front {{}}.,有人在敲前门。,有人在敲前門。,誰かが玄関のドアをたたいている。
draw,draw,The children like to {{}} pictures of animals.,孩子们喜欢画动物的图画。,孩子們喜歡畫動物的圖畫。,子供たちは動物の絵を描くのが好きだ。
drawer,drawer,She keeps her socks in the top {{}}.,她把袜子放在最上面的抽屉里。,她把襪子放在最上面的抽屜裡。,彼女は靴下を一番上の引き出しにしまっている。
dress,dress,She bought a beautiful blue {{}} for the party.,她为派对买了一条漂亮的蓝裙子。,她為派對買了一條漂亮的藍裙子。,彼女はパーティーのためにきれいな青いドレスを買った。
drink,drink,You should {{}} plenty of water when it is hot.,天热时你应该多喝水。,天熱時你應該多喝水。,暑いときは水をたくさん飲むべきだ。
drive,drive,He will {{}} us to the airport tomorrow.,他明天会开车送我们去机场。,他明天會開車送我們去機場。,彼は明日私たちを空港まで車で送ってくれる。
driver,driver,The bus {{}} greeted every passenger kindly.,公车司机亲切地问候每位乘客。,公車司機親切地問候每位乘客。,バスの運転手は乗客一人ひとりに優しく挨拶した。
dry,dry,The clothes are already {{}} in the sun.,衣服在太阳下已经干了。,衣服在太陽下已經乾了。,服はもう日なたで乾いている。
duck,duck,A yellow {{}} is swimming on the lake.,一只黄色的鸭子在湖上游。,一隻黃色的鴨子在湖上游。,黄色いアヒルが湖で泳いでいる。
ear,ear,The dog raised one {{}} at the strange sound.,狗听到奇怪的声音竖起一只耳朵。,狗聽到奇怪的聲音豎起一隻耳朵。,犬は変な音に片方の耳を立てた。
easy,easy,The homework today was quite {{}}.,今天的作业相当简单。,今天的作業相當簡單。,今日の宿題はかなり簡単だった。
eat,eat,We usually {{}} dinner at seven o'clock.,我们通常七点吃晚饭。,我們通常七點吃晚飯。,私たちはたいてい七時に夕食を食べる。
egg,egg,He had a boiled {{}} for breakfast.,他早餐吃了一个水煮蛋。,他早餐吃了一個水煮蛋。,彼は朝食にゆで卵を食べた。
elephant,elephant,The huge gray {{}} drank water from the river.,那头灰色的大象从河里喝水。,那頭灰色的大象從河裡喝水。,大きな灰色の象が川の水を飲んだ。
eraser,eraser,May I borrow your {{}} for a moment?,我可以借一下你的橡皮擦吗？,我可以借一下你的橡皮擦嗎？,少し消しゴムを借りてもいいですか。
eye,eye,He closed his right {{}} to look through the hole.,他闭上右眼从洞里看。,他閉上右眼從洞裡看。,彼は右目を閉じて穴からのぞいた。
face,face,She washed her {{}} with cold water.,她用冷水洗脸。,她用冷水洗臉。,彼女は冷たい水で顔を洗った。
factory,factory,Many people work in that large {{}}.,很多人在那家大工厂工作。,很多人在那家大工廠工作。,多くの人がその大きな工場で働いている。
farm,farm,They grow vegetables on their small {{}}.,他们在自己的小农场种蔬菜。,他們在自己的小農場種蔬菜。,彼らは小さな農場で野菜を育てている。
farmer,farmer,The {{}} works hard in the field all day.,农夫整天在田里辛勤工作。,農夫整天在田裡辛勤工作。,農夫は一日中畑で一生懸命働く。
fast,fast,That new train is very {{}}.,那列新火车非常快。,那列新火車非常快。,その新しい電車はとても速い。
father,father,My {{}} reads the newspaper every morning.,我爸爸每天早上看报纸。,我爸爸每天早上看報紙。,私の父は毎朝新聞を読む。
field,field,The horses are running in the open {{}}.,马儿在开阔的田野里奔跑。,馬兒在開闊的田野裡奔跑。,馬が広い野原を走っている。
finger,finger,She cut her {{}} while slicing the apple.,她切苹果时割到了手指。,她切蘋果時割到了手指。,彼女はりんごを切っていて指を切った。
fish,fish,Many small {{}} swim in the clear lake.,许多小鱼在清澈的湖里游。,許多小魚在清澈的湖裡游。,たくさんの小さな魚が澄んだ湖で泳いでいる。
floor,floor,The children are playing on the {{}}.,孩子们在地板上玩耍。,孩子們在地板上玩耍。,子供たちは床で遊んでいる。
flower,flower,She picked a red {{}} from the garden.,她从花园里摘了一朵红花。,她從花園裡摘了一朵紅花。,彼女は庭から赤い花を一輪摘んだ。
fly,fly,The little bird learned to {{}} last week.,那只小鸟上周学会了飞。,那隻小鳥上週學會了飛。,その小鳥は先週飛ぶことを覚えた。
foot,foot,He hurt his {{}} while playing basketball.,他打篮球时伤到了脚。,他打籃球時傷到了腳。,彼はバスケをしていて足を痛めた。
fork,fork,Please eat the cake with a {{}}.,请用叉子吃蛋糕。,請用叉子吃蛋糕。,ケーキはフォークで食べてください。
frog,frog,A green {{}} jumped into the pond.,一只绿青蛙跳进了池塘。,一隻綠青蛙跳進了池塘。,緑のカエルが池に飛び込んだ。
game,game,The children played a fun {{}} after school.,孩子们放学后玩了一个有趣的游戏。,孩子們放學後玩了一個有趣的遊戲。,子供たちは放課後に楽しいゲームをした。
gate,gate,He closed the garden {{}} before leaving.,他离开前关上了花园的门。,他離開前關上了花園的門。,彼は出る前に庭の門を閉めた。
gift,gift,She gave me a lovely {{}} on my birthday.,她在我生日时送了我一份可爱的礼物。,她在我生日時送了我一份可愛的禮物。,彼女は私の誕生日に素敵な贈り物をくれた。
glove,glove,He wore a thick {{}} on each cold hand.,他冰冷的双手各戴着一只厚手套。,他冰冷的雙手各戴著一隻厚手套。,彼は冷えた両手に厚い手袋をはめていた。
gold,gold,The ring is made of pure {{}}.,那枚戒指是用纯金做的。,那枚戒指是用純金做的。,その指輪は純金でできている。
grape,grape,She washed a bunch of green {{}}.,她洗了一串绿葡萄。,她洗了一串綠葡萄。,彼女は緑のぶどうを一房洗った。
grass,grass,The children sat on the soft green {{}}.,孩子们坐在柔软的绿草上。,孩子們坐在柔軟的綠草上。,子供たちは柔らかい緑の草の上に座った。
gray,gray,The winter sky was cloudy and {{}}.,冬天的天空多云而灰暗。,冬天的天空多雲而灰暗。,冬の空は曇って灰色だった。
green,green,The leaves turn bright {{}} in spring.,叶子在春天变成鲜绿色。,葉子在春天變成鮮綠色。,葉は春に鮮やかな緑になる。
hair,hair,She has long black {{}}.,她有一头乌黑的长发。,她有一頭烏黑的長髮。,彼女は長い黒髪をしている。
hand,hand,He raised his {{}} to ask a question.,他举起手提问。,他舉起手提問。,彼は質問するために手を挙げた。
hard,hard,The math test was really {{}} this time.,这次数学考试真的很难。,這次數學考試真的很難。,今回の数学のテストは本当に難しかった。
hat,hat,He wears a big straw {{}} in summer.,他夏天戴一顶大草帽。,他夏天戴一頂大草帽。,彼は夏に大きな麦わら帽子をかぶる。
head,head,She turned her {{}} to look at the door.,她转过头看向门口。,她轉過頭看向門口。,彼女はドアを見ようと頭を向けた。
heart,heart,After running fast his {{}} was beating hard.,快跑之后他的心跳得很厉害。,快跑之後他的心跳得很厲害。,速く走ったあと彼の心臓は激しく打っていた。
heavy,heavy,This box is too {{}} for me to lift.,这个箱子太重了我搬不动。,這個箱子太重了我搬不動。,この箱は重すぎて私には持ち上げられない。
hill,hill,They walked up the green {{}} slowly.,他们慢慢走上绿色的小山。,他們慢慢走上綠色的小山。,彼らは緑の丘をゆっくり登った。
home,home,She stayed at {{}} all day because of the rain.,因为下雨她一整天都待在家里。,因為下雨她一整天都待在家裡。,雨のせいで彼女は一日中家にいた。
honey,honey,He put some sweet {{}} in his tea.,他在茶里加了一些甜蜂蜜。,他在茶裡加了一些甜蜂蜜。,彼はお茶に甘いはちみつを入れた。
horse,horse,A white {{}} is running across the field.,一匹白马正跑过田野。,一匹白馬正跑過田野。,白い馬が野原を駆け抜けている。
hospital,hospital,The doctor works at a big city {{}}.,那位医生在一家大城市医院工作。,那位醫生在一家大城市醫院工作。,その医者は大きな市の病院で働いている。
hot,hot,The soup is still too {{}} to drink.,汤还太烫不能喝。,湯還太燙不能喝。,スープはまだ熱すぎて飲めない。
hotel,hotel,We stayed at a small {{}} near the beach.,我们住在海滩附近的一家小旅馆。,我們住在海灘附近的一家小旅館。,私たちは海の近くの小さなホテルに泊まった。
hour,hour,The meeting lasted for one whole {{}}.,会议持续了整整一个小时。,會議持續了整整一個小時。,会議はまるまる一時間続いた。
hungry,hungry,The children were very {{}} after the game.,孩子们比赛后非常饿。,孩子們比賽後非常餓。,子供たちは試合のあととてもお腹が空いていた。
jacket,jacket,He put on a warm {{}} before the walk.,散步前他穿上了一件暖和的夹克。,散步前他穿上了一件暖和的夾克。,散歩の前に彼は暖かいジャケットを着た。
juice,juice,She drank a glass of fresh orange {{}}.,她喝了一杯新鲜的橙汁。,她喝了一杯新鮮的橙汁。,彼女は搾りたてのオレンジジュースを一杯飲んだ。
jump,jump,The dog can {{}} over the low wall.,那只狗能跳过矮墙。,那隻狗能跳過矮牆。,その犬は低い壁を飛び越えられる。
key,key,He lost the {{}} to the front door.,他把前门的钥匙弄丢了。,他把前門的鑰匙弄丟了。,彼は玄関の鍵をなくした。
kitchen,kitchen,Mother is cooking soup in the {{}}.,妈妈正在厨房里煮汤。,媽媽正在廚房裡煮湯。,母は台所でスープを作っている。
knee,knee,He fell and hurt his {{}} on the road.,他摔倒了在路上伤到膝盖。,他摔倒了在路上傷到膝蓋。,彼は転んで道で膝を痛めた。
knife,knife,Please cut the apple with a sharp {{}}.,请用锋利的刀切苹果。,請用鋒利的刀切蘋果。,鋭いナイフでりんごを切ってください。
lake,lake,They went fishing at the quiet {{}}.,他们去安静的湖边钓鱼。,他們去安靜的湖邊釣魚。,彼らは静かな湖へ釣りに行った。
lamp,lamp,She turned on the {{}} to read her book.,她打开台灯看书。,她打開檯燈看書。,彼女は本を読むためにランプをつけた。
leaf,leaf,A yellow {{}} fell slowly from the tree.,一片黄叶从树上缓缓落下。,一片黃葉從樹上緩緩落下。,黄色い葉が木からゆっくり落ちた。
leg,leg,The table has one broken {{}}.,那张桌子有一条腿断了。,那張桌子有一條腿斷了。,そのテーブルは脚が一本折れている。
lemon,lemon,She squeezed a sour {{}} into the water.,她把一个酸柠檬挤进水里。,她把一個酸檸檬擠進水裡。,彼女は酸っぱいレモンを水に搾った。
library,library,He borrowed three books from the {{}}.,他从图书馆借了三本书。,他從圖書館借了三本書。,彼は図書館から本を三冊借りた。
lion,lion,The {{}} is a strong wild animal.,狮子是一种强壮的野生动物。,獅子是一種強壯的野生動物。,ライオンは強い野生動物だ。
long,long,She has very {{}} black hair.,她有一头很长的黑发。,她有一頭很長的黑髮。,彼女はとても長い黒髪をしている。
loud,loud,The music was too {{}} at the party.,派对上的音乐太吵了。,派對上的音樂太吵了。,パーティーの音楽はうるさすぎた。
map,map,He looked at the {{}} to find the road.,他看着地图寻找那条路。,他看著地圖尋找那條路。,彼は道を探すために地図を見た。
melon,melon,We shared a sweet {{}} on the hot day.,炎热的日子里我们分吃了一个甜瓜。,炎熱的日子裡我們分吃了一個甜瓜。,暑い日に私たちは甘いメロンを分け合った。
milk,milk,The baby drinks warm {{}} before bed.,宝宝睡前喝温牛奶。,寶寶睡前喝溫牛奶。,赤ちゃんは寝る前に温かいミルクを飲む。
minute,minute,Please wait one {{}} while I finish this.,请等一分钟让我做完这个。,請等一分鐘讓我做完這個。,これを終えるまで一分待ってください。
mirror,mirror,She looked at herself in the {{}}.,她照着镜子看自己。,她照著鏡子看自己。,彼女は鏡で自分を見た。
mix,mix,{{}} the flour and eggs together well.,把面粉和鸡蛋充分搅拌均匀。,把麵粉和雞蛋充分攪拌均勻。,小麦粉と卵をよく混ぜてください。
monkey,monkey,A little {{}} is climbing the tall tree.,一只小猴子正在爬高高的树。,一隻小猴子正在爬高高的樹。,小さな猿が高い木を登っている。
month,month,We will move to a new house next {{}}.,我们下个月要搬进新房子。,我們下個月要搬進新房子。,私たちは来月新しい家に引っ越す。
moon,moon,The {{}} is bright and round tonight.,今晚的月亮又亮又圆。,今晚的月亮又亮又圓。,今夜の月は明るくて丸い。
mother,mother,My {{}} makes delicious soup every Sunday.,我妈妈每个星期天都做美味的汤。,我媽媽每個星期天都做美味的湯。,母は毎週日曜においしいスープを作る。
mouse,mouse,A little gray {{}} ran under the table.,一只灰色的小老鼠跑到桌子底下。,一隻灰色的小老鼠跑到桌子底下。,小さな灰色のネズミがテーブルの下へ走った。
mouth,mouth,She covered her {{}} and yawned.,她捂住嘴打了个哈欠。,她摀住嘴打了個哈欠。,彼女は口を覆ってあくびをした。
museum,museum,We saw old paintings at the city {{}}.,我们在城市博物馆看了古老的画作。,我們在城市博物館看了古老的畫作。,私たちは市の博物館で古い絵を見た。
neck,neck,She wore a silver chain around her {{}}.,她脖子上戴着一条银链子。,她脖子上戴著一條銀鏈子。,彼女は首に銀の鎖をつけていた。
neighbor,neighbor,My kind {{}} helped me carry the boxes.,我善良的邻居帮我搬箱子。,我善良的鄰居幫我搬箱子。,親切な隣人が箱を運ぶのを手伝ってくれた。
new,new,She bought a {{}} bag for school.,她买了一个新书包上学用。,她買了一個新書包上學用。,彼女は学校用に新しいかばんを買った。
noodle,noodle,He ate a bowl of hot {{}} soup.,他吃了一碗热面汤。,他吃了一碗熱麵湯。,彼は温かい麺のスープを一杯食べた。
noon,noon,We usually have lunch at {{}}.,我们通常在中午吃午饭。,我們通常在中午吃午飯。,私たちはたいてい正午に昼食をとる。
nose,nose,The cold wind made her {{}} red.,冷风把她的鼻子吹红了。,冷風把她的鼻子吹紅了。,冷たい風で彼女の鼻は赤くなった。
notebook,notebook,He wrote the new words in his {{}}.,他把生词写在笔记本上。,他把生詞寫在筆記本上。,彼は新しい単語をノートに書いた。
nurse,nurse,The kind {{}} took care of the sick child.,善良的护士照顾生病的孩子。,善良的護士照顧生病的孩子。,優しい看護師は病気の子供の世話をした。
ocean,ocean,The deep blue {{}} looks calm today.,深蓝的海洋今天看起来很平静。,深藍的海洋今天看起來很平靜。,深い青の海は今日穏やかに見える。
office,office,She works in a busy city {{}}.,她在繁忙的城市办公室工作。,她在繁忙的城市辦公室工作。,彼女は忙しい都会のオフィスで働いている。
old,old,They live in a very {{}} stone house.,他们住在一栋很古老的石屋里。,他們住在一棟很古老的石屋裡。,彼らはとても古い石の家に住んでいる。
open,open,Please {{}} the box slowly and carefully.,请慢慢小心地打开盒子。,請慢慢小心地打開盒子。,箱をゆっくり注意して開けてください。
orange,orange,She peeled a sweet {{}} for the child.,她为孩子剥了一个甜橙子。,她為孩子剝了一個甜橙子。,彼女は子供のために甘いオレンジをむいた。
paint,paint,He likes to {{}} pictures of the sea.,他喜欢画海的图画。,他喜歡畫海的圖畫。,彼は海の絵を描くのが好きだ。
pan,pan,She fried the eggs in a hot {{}}.,她在热锅里煎鸡蛋。,她在熱鍋裡煎雞蛋。,彼女は熱いフライパンで卵を焼いた。
paper,paper,He wrote his name on the white {{}}.,他把名字写在白纸上。,他把名字寫在白紙上。,彼は白い紙に名前を書いた。
park,park,The children play in the {{}} every afternoon.,孩子们每天下午在公园玩。,孩子們每天下午在公園玩。,子供たちは毎日午後に公園で遊ぶ。
party,party,We had a fun birthday {{}} last night.,昨晚我们开了一个有趣的生日派对。,昨晚我們開了一個有趣的生日派對。,昨夜私たちは楽しい誕生日パーティーをした。
peach,peach,She bit into a soft sweet {{}}.,她咬了一口柔软香甜的桃子。,她咬了一口柔軟香甜的桃子。,彼女は柔らかく甘い桃を一口かじった。
pen,pen,He signed the card with a blue {{}}.,他用蓝色的笔在卡片上签名。,他用藍色的筆在卡片上簽名。,彼は青いペンでカードにサインした。
pencil,pencil,She drew a house with a yellow {{}}.,她用黄色铅笔画了一栋房子。,她用黃色鉛筆畫了一棟房子。,彼女は黄色い鉛筆で家を描いた。
pepper,pepper,He added a little salt and {{}} to the soup.,他在汤里加了一点盐和胡椒。,他在湯裡加了一點鹽和胡椒。,彼はスープに少し塩とこしょうを加えた。
phone,phone,She talked on the {{}} for an hour.,她打电话讲了一个小时。,她打電話講了一個小時。,彼女は一時間電話で話した。
photo,photo,He took a {{}} of the beautiful sunset.,他拍了一张美丽日落的照片。,他拍了一張美麗日落的照片。,彼は美しい夕日の写真を撮った。
pig,pig,The little {{}} rolled in the soft mud.,那只小猪在软泥里打滚。,那隻小豬在軟泥裡打滾。,小さな豚が柔らかい泥の中で転がった。
pink,pink,She painted her room a soft {{}}.,她把房间刷成柔和的粉红色。,她把房間刷成柔和的粉紅色。,彼女は部屋を柔らかいピンクに塗った。
plane,plane,The {{}} landed safely at the airport.,飞机安全降落在机场。,飛機安全降落在機場。,飛行機は空港に無事着陸した。
plate,plate,She placed the warm food on a clean {{}}.,她把热食物放在干净的盘子上。,她把熱食物放在乾淨的盤子上。,彼女は温かい料理をきれいな皿にのせた。
pocket,pocket,He kept the coin in his coat {{}}.,他把硬币放在外套口袋里。,他把硬幣放在外套口袋裡。,彼は硬貨をコートのポケットに入れておいた。
poor,poor,The {{}} old man had no warm coat.,那个可怜的老人没有暖和的外套。,那個可憐的老人沒有暖和的外套。,その貧しい老人は暖かいコートを持っていなかった。
pot,pot,She boiled the soup in a big {{}}.,她用一个大锅煮汤。,她用一個大鍋煮湯。,彼女は大きな鍋でスープを煮た。
pour,pour,Please {{}} some water into the glass.,请往杯子里倒一些水。,請往杯子裡倒一些水。,グラスに水を少し注いでください。
price,price,The {{}} of the new phone is very high.,那款新手机的价格很高。,那款新手機的價格很高。,その新しい携帯の値段はとても高い。
pull,pull,They tried to {{}} the heavy cart together.,他们试着一起拉那辆沉重的车。,他們試著一起拉那輛沉重的車。,彼らは重い荷車を一緒に引こうとした。
purple,purple,She wore a {{}} scarf in the winter.,她冬天围了一条紫色围巾。,她冬天圍了一條紫色圍巾。,彼女は冬に紫のマフラーを巻いた。
push,push,Please {{}} the door gently to open it.,请轻轻推门把它打开。,請輕輕推門把它打開。,ドアをそっと押して開けてください。
quiet,quiet,The library is always very {{}}.,图书馆总是非常安静。,圖書館總是非常安靜。,図書館はいつもとても静かだ。
rabbit,rabbit,A white {{}} hopped across the garden.,一只白兔跳过花园。,一隻白兔跳過花園。,白いうさぎが庭を跳ねて横切った。
radio,radio,He listens to the {{}} while cooking.,他一边做饭一边听收音机。,他一邊做飯一邊聽收音機。,彼は料理をしながらラジオを聴く。
rain,rain,The heavy {{}} kept us inside all day.,大雨让我们整天待在室内。,大雨讓我們整天待在室內。,大雨のせいで一日中家の中にいた。
read,read,She likes to {{}} a book before sleeping.,她喜欢睡前读一本书。,她喜歡睡前讀一本書。,彼女は寝る前に本を読むのが好きだ。
red,red,He bought a bright {{}} umbrella.,他买了一把鲜红的雨伞。,他買了一把鮮紅的雨傘。,彼は鮮やかな赤い傘を買った。
rice,rice,We eat {{}} with almost every meal.,我们几乎每餐都吃米饭。,我們幾乎每餐都吃米飯。,私たちはほとんど毎食ご飯を食べる。
rich,rich,The {{}} man gave money to the school.,那位富人捐钱给学校。,那位富人捐錢給學校。,その裕福な人は学校にお金を寄付した。
ride,ride,He likes to {{}} his bike after school.,他喜欢放学后骑自行车。,他喜歡放學後騎腳踏車。,彼は放課後に自転車に乗るのが好きだ。
ring,ring,She wears a gold {{}} on her finger.,她手指上戴着一枚金戒指。,她手指上戴著一枚金戒指。,彼女は指に金の指輪をはめている。
road,road,The long {{}} leads to the small village.,那条长路通往小村庄。,那條長路通往小村莊。,その長い道は小さな村へ続いている。
roof,roof,The rain fell loudly on the {{}}.,雨水大声地打在屋顶上。,雨水大聲地打在屋頂上。,雨が屋根に大きな音を立てて降った。
room,room,His {{}} is bright and always tidy.,他的房间明亮又总是整洁。,他的房間明亮又總是整潔。,彼の部屋は明るくいつも片づいている。
root,root,The old tree has very deep {{}}.,那棵老树的根很深。,那棵老樹的根很深。,その古い木はとても深い根を持っている。
ruler,ruler,He drew a straight line with a {{}}.,他用尺画了一条直线。,他用尺畫了一條直線。,彼は定規でまっすぐな線を引いた。
run,run,They {{}} in the park every morning.,他们每天早上在公园跑步。,他們每天早上在公園跑步。,彼らは毎朝公園で走る。
sad,sad,She felt {{}} when her friend moved away.,朋友搬走时她感到难过。,朋友搬走時她感到難過。,友達が引っ越して彼女は悲しかった。
salad,salad,She made a fresh green {{}} for lunch.,她午餐做了一份新鲜的青菜沙拉。,她午餐做了一份新鮮的青菜沙拉。,彼女は昼食に新鮮なグリーンサラダを作った。
salt,salt,Please add a little {{}} to the soup.,请往汤里加一点盐。,請往湯裡加一點鹽。,スープに少し塩を加えてください。
scarf,scarf,She wrapped a warm {{}} around her neck.,她在脖子上围了一条暖和的围巾。,她在脖子上圍了一條暖和的圍巾。,彼女は首に暖かいマフラーを巻いた。
sea,sea,The blue {{}} was calm and quiet.,蓝色的大海平静而安宁。,藍色的大海平靜而安寧。,青い海は穏やかで静かだった。
seed,seed,She planted a small {{}} in the garden.,她在花园里种了一颗小种子。,她在花園裡種了一顆小種子。,彼女は庭に小さな種を植えた。
sheep,sheep,The white {{}} eat grass on the hill.,白羊在山坡上吃草。,白羊在山坡上吃草。,白い羊が丘で草を食べている。
shelf,shelf,He placed the book on the top {{}}.,他把书放在最上面的架子上。,他把書放在最上面的架子上。,彼は本を一番上の棚に置いた。
ship,ship,The big {{}} sailed slowly across the sea.,那艘大船缓缓驶过大海。,那艘大船緩緩駛過大海。,大きな船がゆっくり海を渡った。
shirt,shirt,He wore a clean white {{}} to work.,他穿了一件干净的白衬衫上班。,他穿了一件乾淨的白襯衫上班。,彼はきれいな白いシャツを着て仕事に行った。
shoe,shoe,She tied her left {{}} before running.,她跑步前系好了左脚的鞋。,她跑步前繫好了左腳的鞋。,彼女は走る前に左の靴のひもを結んだ。
shop,shop,They bought fresh bread at the corner {{}}.,他们在街角的商店买了新鲜面包。,他們在街角的商店買了新鮮麵包。,彼らは角の店で焼きたてのパンを買った。
short,short,The film was quite {{}} and fun.,那部电影相当短又有趣。,那部電影相當短又有趣。,その映画はかなり短くて楽しかった。
sing,sing,The children love to {{}} together in class.,孩子们喜欢在课堂上一起唱歌。,孩子們喜歡在課堂上一起唱歌。,子供たちは授業でみんなで歌うのが好きだ。
singer,singer,The famous {{}} has a beautiful voice.,那位著名的歌手嗓音优美。,那位著名的歌手嗓音優美。,その有名な歌手は美しい声をしている。
sister,sister,My older {{}} teaches at a small school.,我姐姐在一所小学校教书。,我姐姐在一所小學校教書。,私の姉は小さな学校で教えている。
skirt,skirt,She wore a long blue {{}} to the party.,她穿了一条蓝色长裙去派对。,她穿了一條藍色長裙去派對。,彼女は青い長いスカートでパーティーに行った。
sky,sky,The {{}} turned pink at sunset.,日落时天空变成粉红色。,日落時天空變成粉紅色。,夕暮れに空はピンク色になった。
sleep,sleep,Babies need a lot of {{}} to grow.,婴儿需要充足的睡眠才能成长。,嬰兒需要充足的睡眠才能成長。,赤ちゃんは育つのにたくさんの睡眠が必要だ。
slow,slow,The old train is very {{}}.,那列旧火车非常慢。,那列舊火車非常慢。,その古い電車はとても遅い。
small,small,They live in a {{}} house by the river.,他们住在河边一栋小房子里。,他們住在河邊一棟小房子裡。,彼らは川のそばの小さな家に住んでいる。
snake,snake,A long green {{}} moved through the grass.,一条绿色的长蛇在草丛中游动。,一條綠色的長蛇在草叢中游動。,長い緑の蛇が草の中を進んだ。
snow,snow,White {{}} covered the whole town last night.,昨晚白雪覆盖了整个小镇。,昨晚白雪覆蓋了整個小鎮。,昨夜白い雪が町全体を覆った。
sock,sock,He could not find his other {{}}.,他找不到另一只袜子。,他找不到另一隻襪子。,彼はもう片方の靴下が見つからなかった。
sofa,sofa,They sat on the soft {{}} to watch a film.,他们坐在柔软的沙发上看电影。,他們坐在柔軟的沙發上看電影。,彼らは柔らかいソファに座って映画を見た。
soft,soft,The baby slept on a {{}} warm blanket.,宝宝睡在柔软温暖的毯子上。,寶寶睡在柔軟溫暖的毯子上。,赤ちゃんは柔らかく暖かい毛布の上で眠った。
song,song,She sang a happy {{}} on the way home.,她在回家的路上唱着一首快乐的歌。,她在回家的路上唱著一首快樂的歌。,彼女は家に帰る道で楽しい歌を歌った。
soup,soup,He had a warm bowl of {{}} for dinner.,他晚餐喝了一碗温热的汤。,他晚餐喝了一碗溫熱的湯。,彼は夕食に温かいスープを一杯飲んだ。
spoon,spoon,She ate the soup with a small {{}}.,她用一把小勺子喝汤。,她用一把小湯匙喝湯。,彼女は小さなスプーンでスープを飲んだ。
stair,stair,He walked up the {{}} to the top floor.,他走上楼梯到了顶楼。,他走上樓梯到了頂樓。,彼は階段を上って最上階へ行った。
star,star,A bright {{}} appeared in the night sky.,一颗明亮的星星出现在夜空中。,一顆明亮的星星出現在夜空中。,明るい星が夜空に現れた。
station,station,We waited for the train at the {{}}.,我们在车站等火车。,我們在車站等火車。,私たちは駅で電車を待った。
store,store,She bought some milk at the small {{}}.,她在小商店买了一些牛奶。,她在小商店買了一些牛奶。,彼女は小さな店で牛乳を買った。
storm,storm,The strong {{}} broke many tree branches.,强烈的暴风雨折断了许多树枝。,強烈的暴風雨折斷了許多樹枝。,激しい嵐が多くの木の枝を折った。
story,story,She read a bedtime {{}} to her child.,她给孩子读了一个睡前故事。,她給孩子讀了一個睡前故事。,彼女は子供に寝る前の物語を読んだ。
street,street,Cars move slowly along the busy {{}}.,车辆在繁忙的街道上缓慢行驶。,車輛在繁忙的街道上緩慢行駛。,車が混んだ通りをゆっくり進む。
strong,strong,The {{}} man carried the heavy box easily.,那个强壮的男人轻松地搬起了重箱子。,那個強壯的男人輕鬆地搬起了重箱子。,その力強い男は重い箱を楽々と運んだ。
sugar,sugar,She added two spoons of {{}} to her tea.,她在茶里加了两勺糖。,她在茶裡加了兩勺糖。,彼女はお茶に砂糖を二さじ入れた。
sun,sun,The {{}} rose slowly over the mountains.,太阳缓缓从群山后升起。,太陽緩緩從群山後升起。,太陽が山の上にゆっくり昇った。
swim,swim,They like to {{}} in the lake in summer.,他们喜欢夏天在湖里游泳。,他們喜歡夏天在湖裡游泳。,彼らは夏に湖で泳ぐのが好きだ。
table,table,We ate dinner around the big wooden {{}}.,我们围着大木桌吃晚饭。,我們圍著大木桌吃晚飯。,私たちは大きな木のテーブルを囲んで夕食を食べた。
tall,tall,That {{}} tree gives a lot of shade.,那棵高树遮出很多阴凉。,那棵高樹遮出很多陰涼。,その高い木はたくさんの日陰を作る。
tea,tea,She drinks a cup of hot {{}} every morning.,她每天早上喝一杯热茶。,她每天早上喝一杯熱茶。,彼女は毎朝温かいお茶を一杯飲む。
thirsty,thirsty,After the long walk they were very {{}}.,走了很远之后他们非常口渴。,走了很遠之後他們非常口渴。,長い散歩のあと彼らはとても喉が渇いていた。
throw,throw,Please {{}} the ball to your brother.,请把球扔给你弟弟。,請把球扔給你弟弟。,ボールを弟に投げてください。
tiger,tiger,The {{}} is a large and powerful animal.,老虎是一种巨大而有力的动物。,老虎是一種巨大而有力的動物。,トラは大きくて力の強い動物だ。
tired,tired,She felt very {{}} after the long day.,漫长的一天之后她感到很累。,漫長的一天之後她感到很累。,長い一日のあと彼女はとても疲れていた。
today,today,We are going to the beach {{}}.,我们今天要去海滩。,我們今天要去海灘。,私たちは今日ビーチへ行く。
tooth,tooth,The child lost a small {{}} last night.,那孩子昨晚掉了一颗小牙。,那孩子昨晚掉了一顆小牙。,その子は昨夜小さな歯が一本抜けた。
town,town,They live in a small quiet {{}}.,他们住在一个安静的小镇。,他們住在一個安靜的小鎮。,彼らは静かな小さな町に住んでいる。
toy,toy,The child played with a new {{}} all day.,那孩子整天都在玩一个新玩具。,那孩子整天都在玩一個新玩具。,その子は一日中新しいおもちゃで遊んだ。
train,train,They took the fast {{}} to the city.,他们坐快车去了城市。,他們坐快車去了城市。,彼らは速い電車で街へ行った。
tree,tree,A tall {{}} grows in front of the house.,一棵高树长在房子前面。,一棵高樹長在房子前面。,高い木が家の前に生えている。
truck,truck,The heavy {{}} carried boxes to the shop.,那辆重卡车把箱子运到商店。,那輛重卡車把箱子運到商店。,重いトラックが箱を店まで運んだ。
village,village,A small quiet {{}} lies near the river.,一个安静的小村庄坐落在河边。,一個安靜的小村莊坐落在河邊。,静かな小さな村が川の近くにある。
wake,wake,I usually {{}} up at six in the morning.,我通常早上六点起床。,我通常早上六點起床。,私はたいてい朝六時に起きる。
walk,walk,They like to {{}} in the park after dinner.,他们喜欢晚饭后在公园散步。,他們喜歡晚飯後在公園散步。,彼らは夕食後に公園を散歩するのが好きだ。
wall,wall,He hung a picture on the white {{}}.,他在白墙上挂了一幅画。,他在白牆上掛了一幅畫。,彼は白い壁に絵をかけた。
warm,warm,The soup is still {{}} and tastes good.,汤还很温热味道很好。,湯還很溫熱味道很好。,スープはまだ温かくて美味しい。
wash,wash,Please {{}} your hands before dinner.,晚饭前请洗手。,晚飯前請洗手。,夕食の前に手を洗ってください。
watch,watch,He looked at his {{}} to check the time.,他看了看手表确认时间。,他看了看手錶確認時間。,彼は時間を確かめようと腕時計を見た。
weak,weak,The sick child felt very {{}}.,生病的孩子感到非常虚弱。,生病的孩子感到非常虛弱。,病気の子供はとても弱っていた。
week,week,We will visit our friends next {{}}.,我们下周会去拜访朋友。,我們下週會去拜訪朋友。,私たちは来週友達を訪ねる。
wet,wet,Her shoes got {{}} in the heavy rain.,她的鞋子在大雨中淋湿了。,她的鞋子在大雨中淋濕了。,彼女の靴は大雨で濡れた。
white,white,The mountain was covered with {{}} snow.,那座山覆盖着白雪。,那座山覆蓋著白雪。,その山は白い雪で覆われていた。
wind,wind,The cold {{}} blew all through the night.,寒风吹了一整夜。,寒風吹了一整夜。,冷たい風が一晩中吹いた。
wine,wine,They shared a glass of red {{}} at dinner.,他们晚餐时分享了一杯红酒。,他們晚餐時分享了一杯紅酒。,彼らは夕食で赤ワインを一杯分け合った。
write,write,She likes to {{}} letters to her friends.,她喜欢给朋友写信。,她喜歡給朋友寫信。,彼女は友達に手紙を書くのが好きだ。
writer,writer,The famous {{}} published a new book.,那位著名的作家出版了一本新书。,那位著名的作家出版了一本新書。,その有名な作家は新しい本を出した。
year,year,We are moving to a new city next {{}}.,我们明年要搬到一个新城市。,我們明年要搬到一個新城市。,私たちは来年新しい街へ引っ越す。
yellow,yellow,The bright {{}} flowers filled the garden.,鲜艳的黄花开满了花园。,鮮豔的黃花開滿了花園。,鮮やかな黄色い花が庭を埋め尽くした。
young,young,The {{}} boy learns very quickly.,那个年轻的男孩学得很快。,那個年輕的男孩學得很快。,その若い男の子はとても早く学ぶ。
